"ID_AREA_MANAGER","DESC_AREA_MANAGER"
"403","AREA MANAGER  403"
"406","AREA MANAGER  406"
"411","AREA MANAGER  411"
"420","AREA MANAGER  420"
"425","AREA MANAGER  425"
"430","AREA MANAGER  430"
"456","AREA MANAGER  456"
"472","AREA MANAGER  472"
"474","AREA MANAGER  474"
"477","AREA MANAGER  477"
"479","AREA MANAGER  479"
"482","AREA MANAGER  482"
"486","AREA MANAGER  486"
"488","AREA MANAGER  488"
"499","AREA MANAGER  499"
"4C2","AREA MANAGER  4C2"
"4CI","AREA MANAGER  4CI"
"4CO","AREA MANAGER  4CO"
"4CQ","AREA MANAGER  4CQ"
"4D5","AREA MANAGER  4D5"
"4D6","AREA MANAGER  4D6"
"4D7","AREA MANAGER  4D7"
"4D8","AREA MANAGER  4D8"
"4E1","AREA MANAGER  4E1"
"4F5","AREA MANAGER  4F5"
"4F7","AREA MANAGER  4F7"
"4N7","AREA MANAGER  4N7"
"402","AREA MANAGER  402"
"412","AREA MANAGER  412"
"414","AREA MANAGER  414"
"415","AREA MANAGER  415"
"426","AREA MANAGER  426"
"428","AREA MANAGER  428"
"432","AREA MANAGER  432"
"435","AREA MANAGER  435"
"451","AREA MANAGER  451"
"462","AREA MANAGER  462"
"463","AREA MANAGER  463"
"489","AREA MANAGER  489"
"491","AREA MANAGER  491"
"497","AREA MANAGER  497"
"4A1","AREA MANAGER  4A1"
"4CD","AREA MANAGER  4CD"
"4CS","AREA MANAGER  4CS"
"4D4","AREA MANAGER  4D4"
"4F3","AREA MANAGER  4F3"
"4F8","AREA MANAGER  4F8"
"4M2","AREA MANAGER  4M2"
"4M7","AREA MANAGER  4M7"
"4M8","AREA MANAGER  4M8"
"4N1","AREA MANAGER  4N1"
"4N4","AREA MANAGER  4N4"
"4N5","AREA MANAGER  4N5"
"4N8","AREA MANAGER  4N8"
"4V1","AREA MANAGER  4V1"
"4V7","AREA MANAGER  4V7"
"4V8","AREA MANAGER  4V8"
"4V9","AREA MANAGER  4V9"
"4VA","AREA MANAGER  4VA"
"4X6","AREA MANAGER  4X6"
"405","AREA MANAGER  405"
"417","AREA MANAGER  417"
"431","AREA MANAGER  431"
"447","AREA MANAGER  447"
"449","AREA MANAGER  449"
"457","AREA MANAGER  457"
"459","AREA MANAGER  459"
"466","AREA MANAGER  466"
"468","AREA MANAGER  468"
"469","AREA MANAGER  469"
"480","AREA MANAGER  480"
"495","AREA MANAGER  495"
"496","AREA MANAGER  496"
"498","AREA MANAGER  498"
"4C6","AREA MANAGER  4C6"
"4CB","AREA MANAGER  4CB"
"4CJ","AREA MANAGER  4CJ"
"4CM","AREA MANAGER  4CM"
"4CR","AREA MANAGER  4CR"
"4CT","AREA MANAGER  4CT"
"4CV","AREA MANAGER  4CV"
"4CW","AREA MANAGER  4CW"
"4CX","AREA MANAGER  4CX"
"4D2","AREA MANAGER  4D2"
"4F6","AREA MANAGER  4F6"
"4G1","AREA MANAGER  4G1"
"4X3","AREA MANAGER  4X3"
"4**","AREA MANAGER  4**"
"423","AREA MANAGER  423"
"424","AREA MANAGER  424"
"429","AREA MANAGER  429"
"450","AREA MANAGER  450"
"467","AREA MANAGER  467"
"473","AREA MANAGER  473"
"475","AREA MANAGER  475"
"492","AREA MANAGER  492"
"4C9","AREA MANAGER  4C9"
"4CE","AREA MANAGER  4CE"
"4CU","AREA MANAGER  4CU"
"4D3","AREA MANAGER  4D3"
"4E2","AREA MANAGER  4E2"
"4E3","AREA MANAGER  4E3"
"4F2","AREA MANAGER  4F2"
"4F4","AREA MANAGER  4F4"
"4F9","AREA MANAGER  4F9"
"4M4","AREA MANAGER  4M4"
"4M5","AREA MANAGER  4M5"
"4N3","AREA MANAGER  4N3"
"4V3","AREA MANAGER  4V3"
"4V4","AREA MANAGER  4V4"
"4VC","AREA MANAGER  4VC"
"400","AREA MANAGER  400"
"444","AREA MANAGER  444"
"445","AREA MANAGER  445"
"454","AREA MANAGER  454"
"470","AREA MANAGER  470"
"4C1","AREA MANAGER  4C1"
"4C7","AREA MANAGER  4C7"
"4CF","AREA MANAGER  4CF"
"4D9","AREA MANAGER  4D9"
"4M0","AREA MANAGER  4M0"
"4M1","AREA MANAGER  4M1"
"4X1","AREA MANAGER  4X1"
"4X2","AREA MANAGER  4X2"
"409","AREA MANAGER  409"
"413","AREA MANAGER  413"
"418","AREA MANAGER  418"
"419","AREA MANAGER  419"
"421","AREA MANAGER  421"
"422","AREA MANAGER  422"
"433","AREA MANAGER  433"
"440","AREA MANAGER  440"
"446","AREA MANAGER  446"
"455","AREA MANAGER  455"
"458","AREA MANAGER  458"
"460","AREA MANAGER  460"
"478","AREA MANAGER  478"
"481","AREA MANAGER  481"
"485","AREA MANAGER  485"
"490","AREA MANAGER  490"
"4CG","AREA MANAGER  4CG"
"4CK","AREA MANAGER  4CK"
"4CL","AREA MANAGER  4CL"
"4CN","AREA MANAGER  4CN"
"4F1","AREA MANAGER  4F1"
"4N6","AREA MANAGER  4N6"
"4V2","AREA MANAGER  4V2"
"4V5","AREA MANAGER  4V5"
"4V6","AREA MANAGER  4V6"
"4VD","AREA MANAGER  4VD"
"4X4","AREA MANAGER  4X4"
"401","AREA MANAGER  401"
"407","AREA MANAGER  407"
"410","AREA MANAGER  410"
"416","AREA MANAGER  416"
"434","AREA MANAGER  434"
"443","AREA MANAGER  443"
"448","AREA MANAGER  448"
"452","AREA MANAGER  452"
"453","AREA MANAGER  453"
"461","AREA MANAGER  461"
"465","AREA MANAGER  465"
"483","AREA MANAGER  483"
"487","AREA MANAGER  487"
"4C4","AREA MANAGER  4C4"
"4C8","AREA MANAGER  4C8"
"4CC","AREA MANAGER  4CC"
"4CZ","AREA MANAGER  4CZ"
"4FA","AREA MANAGER  4FA"
"4M3","AREA MANAGER  4M3"
"4M6","AREA MANAGER  4M6"
"4N2","AREA MANAGER  4N2"
"4VB","AREA MANAGER  4VB"
"4X7","AREA MANAGER  4X7"
"404","AREA MANAGER  404"
"408","AREA MANAGER  408"
"427","AREA MANAGER  427"
"436","AREA MANAGER  436"
"464","AREA MANAGER  464"
"471","AREA MANAGER  471"
"476","AREA MANAGER  476"
"484","AREA MANAGER  484"
"493","AREA MANAGER  493"
"494","AREA MANAGER  494"
"4C3","AREA MANAGER  4C3"
"4C5","AREA MANAGER  4C5"
"4CA","AREA MANAGER  4CA"
"4CH","AREA MANAGER  4CH"
"4CP","AREA MANAGER  4CP"
"4D1","AREA MANAGER  4D1"
"4M9","AREA MANAGER  4M9"
"4X5","AREA MANAGER  4X5"
